,R-squared-10,MSE-10,Durbin-Watson-10,Jarque-Bera-10,JB P-value-10
Linear Regression,0.991865384258058,0.10084433461184034,1.6536185785044197,3.724289902246421,0.15533907803924182
SVM Regression,0.8979347980919988,1.2652960754331055,0.13848685879828646,5.287584446738162,0.07109116415603053
RandomForest,0.9918939969709716,0.10048962455708954,1.8485966645193015,0.22030926043623342,0.895695622978162
XGBoost,0.9929057415360418,0.08794708896618222,1.8450883563867502,0.9294651460156031,0.6283031079347492
knn,0.9930509887503443,0.0861464681200087,1.993465695346263,1.2663903566546737,0.5308927909924466
Neural Network,0.9930871148673179,0.08569861485393113,1.9334482823553303,2.092973813533055,0.35116927501574946
