,R-squared-20,MSE-20,Durbin-Watson-20,Jarque-Bera-20,JB P-value-20
Linear Regression,0.9943867056149498,0.06699351068983359,1.7472467048988984,2.641342425150069,0.26695605755421636
SVM Regression,0.9059672260155656,1.1222617623437832,0.10561681379966936,42.52139411671399,5.842471279232062e-10
RandomForest,0.9990086958426818,0.011831010651613847,2.9317558070069887,1.1505836162456184,0.5625406909108805
XGBoost,0.9971462940211645,0.034058392253206324,2.3729179602272388,1.0468586728390807,0.5924852288944623
knn,0.9958949049063305,0.04899346322775728,2.5052311118814985,0.7333035619673595,0.6930509365461929
Neural Network,0.9932621838304806,0.08041444624408269,1.4589439225152918,2.651019875578996,0.2656674506688952
