,R-squared-37,MSE-37,Durbin-Watson-37,Jarque-Bera-37,JB P-value-37
Linear Regression,0.9921456979932204,0.09736930235441478,1.7491776414846332,1.4974358703528148,0.4729725456602226
SVM Regression,0.886544874482395,1.406496262894693,0.1252948222883045,8.728985021813527,0.012721109361651514
RandomForest,0.9919158384657899,0.10021885687957949,1.866772983919143,0.5148000108438361,0.7730589241496895
XGBoost,0.9929236513827159,0.08772506169063093,1.844187057511297,0.8451375889585244,0.6553611675457475
knn,0.9930509887503443,0.0861464681200087,1.993465695346263,1.2663903566546737,0.5308927909924466
Neural Network,0.9900324584318658,0.12356700415137067,1.3376786621987506,3.7543418407776254,0.15302240653227092
