,R-squared-7,MSE-7,Durbin-Watson-7,Jarque-Bera-7,JB P-value-7
Linear Regression,0.9851319904476751,0.18431780650388296,0.9187995789990003,6.896022264296653,0.03180883708178208
SVM Regression,0.9013833060750381,1.2225451325508052,0.14353827585319553,4.268513875561078,0.11833248611635738
RandomForest,0.9919060355417553,0.10034038313022013,1.825984810440822,0.4197473353706784,0.8106866554228835
XGBoost,0.9929793873517901,0.08703410628553869,1.8570481969213144,0.7346047848111598,0.6926001763416865
knn,0.9930509887503443,0.0861464681200087,1.993465695346263,1.2663903566546737,0.5308927909924466
Neural Network,0.9854378681360234,0.18052585947987518,0.9185576964831316,21.37179083439323,2.2865177974024568e-05
