,R-squared-10,MSE-10,Durbin-Watson-10,Jarque-Bera-10,JB P-value-10
Linear Regression,0.991865384258058,0.10084433461184034,1.6536185785044197,3.724289902246421,0.15533907803924182
SVM Regression,0.8979347980919988,1.2652960754331055,0.13848685879828646,5.287584446738162,0.07109116415603053
RandomForest,0.9918904775447883,0.10053325466856877,1.838177905002904,0.17161176517676174,0.9177723695265462
XGBoost,0.9929103676754226,0.08788973899877424,1.8367965645829698,0.8610198589043825,0.6501774655379293
knn,0.9930509887503443,0.0861464681200087,1.993465695346263,1.2663903566546737,0.5308927909924466
Neural Network,0.992383971255108,0.09441544327697159,1.7369495826721657,2.358388658899532,0.3075264037864115
