,R-squared-29,MSE-29,Durbin-Watson-29,Jarque-Bera-29,JB P-value-29
Linear Regression,0.9944725950425163,0.06596843808734511,1.7757232247986923,2.3004546327303164,0.3165648008396858
SVM Regression,0.9021184123160286,1.16819655999306,0.10150473506790343,48.64165257277588,2.739046142310194e-11
RandomForest,0.9990032102642259,0.011896479899032184,2.9423893204160763,1.5801173071264831,0.45381817644860634
XGBoost,0.9971462940211645,0.034058392253206324,2.3729179602272388,1.0468586728390807,0.5924852288944623
knn,0.9958949049063305,0.04899346322775728,2.5052311118814985,0.7333035619673595,0.6930509365461929
Neural Network,0.9566302094683947,0.5176095045599408,0.22848397718192553,99.6209111893933,2.331277617928358e-22
