,R-squared-15,MSE-15,Durbin-Watson-15,Jarque-Bera-15,JB P-value-15
Linear Regression,0.9930615762825026,0.08601521513037108,1.906318213610621,5.1837907634659315,0.07487798314034011
SVM Regression,0.8951350409873702,1.3000044932917767,0.13479224769683074,6.021762439179525,0.04924826110058205
RandomForest,0.9918949959723677,0.10047723999778511,1.8551790746584635,0.3202872253676195,0.8520214190968292
XGBoost,0.9928705869582127,0.08838289812081247,1.848299616362253,0.914436952994159,0.6330420201504184
knn,0.9930509887503443,0.0861464681200087,1.993465695346263,1.2663903566546737,0.5308927909924466
Neural Network,0.979328838155225,0.25625913110338927,0.6380540790391502,0.4581775872183673,0.7952579165493309
