,R-squared-1,MSE-1,Durbin-Watson-1,Jarque-Bera-1,JB P-value-1
Linear Regression,0.8180676512793962,2.25540421737471,0.07911841202075469,12.500550207425524,0.0019299231341711836
SVM Regression,0.879811115200045,1.489974265520393,0.1201639753758602,3.74523365285642,0.15372087418618735
RandomForest,0.9923429924229791,0.09492345535649804,1.8679156362915965,0.030773272128549054,0.9847311334213102
XGBoost,0.9934877572048733,0.08073187626051649,1.876249107695212,0.42433211515526115,0.8088303740014648
knn,0.9929528699773308,0.0873628405574255,1.9918093244506132,0.7823255605292452,0.6762700636591801
Neural Network,0.9913307974771709,0.1074715742899104,1.5716242788146697,3.746960656118609,0.15358819325393933
