,R-squared-1,MSE-1,Durbin-Watson-1,Jarque-Bera-1,JB P-value-1
Linear Regression,0.8180676512793962,2.25540421737471,0.07911841202075469,12.500550207425524,0.0019299231341711836
SVM Regression,0.879811115200045,1.489974265520393,0.1201639753758602,3.74523365285642,0.15372087418618735
RandomForest,0.9923016117207729,0.09543644939483252,1.8470474649940298,0.03051085093745423,0.9848603490568253
XGBoost,0.9934877572048733,0.08073187626051649,1.876249107695212,0.42433211515526115,0.8088303740014648
knn,0.9929528699773308,0.0873628405574255,1.9918093244506132,0.7823255605292452,0.6762700636591801
Neural Network,0.9915964694182332,0.10417805545984132,1.5968934397700385,6.5478984850044135,0.037856626472163396
