,R-squared-32,MSE-32,Durbin-Watson-32,Jarque-Bera-32,JB P-value-32
Linear Regression,0.9921274789079599,0.09759516324183841,1.7181106638842119,2.2662005570023287,0.3220333142128039
SVM Regression,0.8880424034494789,1.3879314877364894,0.1269492952499655,8.313655387175857,0.015657148492707083
RandomForest,0.9919195162460248,0.10017326366259134,1.8555054910056312,0.10195784319348437,0.9502987011005571
XGBoost,0.9929099925469003,0.08789438944415827,1.835638052229686,0.9286241988574604,0.6285673483404455
knn,0.9930509887503443,0.0861464681200087,1.993465695346263,1.2663903566546737,0.5308927909924466
Neural Network,0.9923071325058315,0.09536800855958877,1.7382234041799625,6.237404103141426,0.044214519358313824
