,R-squared-30,MSE-30,Durbin-Watson-30,Jarque-Bera-30,JB P-value-30
Linear Regression,0.9929025532032856,0.087986614532666,1.9164878085591235,2.5786146157723744,0.2754615270461519
SVM Regression,0.8887691723548875,1.3789217779963459,0.12778190822741795,8.039028513132982,0.01796168759264848
RandomForest,0.991828877456531,0.10129690720107908,1.84650644697228,0.39454867178657865,0.8209653821453601
XGBoost,0.9929920638619371,0.08687695636333953,1.8538850350733511,0.9306930162251306,0.627917488984973
knn,0.9930509887503443,0.0861464681200087,1.993465695346263,1.2663903566546737,0.5308927909924466
Neural Network,0.990680359039782,0.11553501987914115,1.4541474587741792,7.6443652652343905,0.021879992753589414
