,R-squared-40,MSE-40,Durbin-Watson-40,Jarque-Bera-40,JB P-value-40
Linear Regression,0.9921374859190126,0.0974711069368976,1.717127792085978,2.8847176526026055,0.23636954587578582
SVM Regression,0.8856680343354828,1.4173663966516443,0.12433527719157828,9.068482749001179,0.010735048019381271
RandomForest,0.9919586339622732,0.09968832372298643,1.8590537970025993,0.41034423360578154,0.8145071139857729
XGBoost,0.9929060783968073,0.08794291292384317,1.8465958914259457,1.134482538789491,0.5670877250080268
knn,0.9930509887503443,0.0861464681200087,1.993465695346263,1.2663903566546737,0.5308927909924466
Neural Network,0.9868982402780451,0.16242171521298418,1.0316619515793726,9.484854642599332,0.008717460406205699
