,R-squared-23,MSE-23,Durbin-Watson-23,Jarque-Bera-23,JB P-value-23
Linear Regression,0.9926883317346007,0.09064230499849942,1.8440845756487878,3.0090179611610313,0.2221263354032558
SVM Regression,0.8913572970042303,1.3468369547624992,0.1306848318192918,6.981533568151888,0.030477493552455968
RandomForest,0.991815181107718,0.10146670000094497,1.8541062249756834,0.4512957039716969,0.7979990659786376
XGBoost,0.9929313870056132,0.08762916364594805,1.855630424791742,0.8147404971594957,0.6653977821044021
knn,0.9930509887503443,0.0861464681200087,1.993465695346263,1.2663903566546737,0.5308927909924466
Neural Network,0.9927709492495884,0.08961810071024237,1.8402162549623793,8.71321626732607,0.012821803821747047
