,R-squared-11,MSE-11,Durbin-Watson-11,Jarque-Bera-11,JB P-value-11
Linear Regression,0.9926005085374293,0.09173104381090277,1.7925274873333055,4.672188861505976,0.09670458811479182
SVM Regression,0.8976622791907217,1.2686744756108475,0.1380962669736981,5.238370869686639,0.07286218966230733
RandomForest,0.9918679436863815,0.1008126055352051,1.8285401341987724,0.3318560386776457,0.8471072073318014
XGBoost,0.992886448513555,0.08818626338782107,1.8523465343227996,0.8925387773230212,0.6400113370392333
knn,0.9930509887503443,0.0861464681200087,1.993465695346263,1.2663903566546737,0.5308927909924466
Neural Network,0.9791295054751239,0.2587302461663347,0.666718726490524,35.126530204918794,2.3570613241371126e-08
