,R-squared-14,MSE-14,Durbin-Watson-14,Jarque-Bera-14,JB P-value-14
Linear Regression,0.9928056011024318,0.08918852380656175,1.8630287447450884,4.8781414848486415,0.08724188398771811
SVM Regression,0.8959176650374248,1.2903023507342557,0.135770356742102,5.733599718177005,0.0568806617684448
RandomForest,0.9916390491073191,0.10365019765437425,1.8303310648158952,0.913455541687863,0.6333527336765936
XGBoost,0.9929182034078738,0.08779259990206609,1.8483691850373243,0.8541289794959896,0.6524214763745867
knn,0.9930509887503443,0.0861464681200087,1.993465695346263,1.2663903566546737,0.5308927909924466
Neural Network,0.949399676881589,0.6272891157858315,0.2741516002718965,20.610115044048037,3.346342448439613e-05
