,R-squared-3,MSE-3,Durbin-Watson-3,Jarque-Bera-3,JB P-value-3
Linear Regression,0.8869897132436024,1.400981623936122,0.12750683677688535,1.239081402342691,0.5381915715945768
SVM Regression,0.8990648949522406,1.2512863336661508,0.14071902222040716,2.799846647011563,0.2466158728572119
RandomForest,0.9920452129668073,0.0986150090907314,1.8782543418963042,0.09372828818322869,0.9542170248055623
XGBoost,0.9931322809136378,0.08513869413577174,1.8346532911059865,0.5535878449299886,0.758210731210289
knn,0.9930509887503443,0.0861464681200087,1.993465695346263,1.2663903566546737,0.5308927909924466
Neural Network,0.9927684811183456,0.08964869798254398,1.829471744686788,2.1001180379867708,0.349917096746902
