,R-squared-6,MSE-6,Durbin-Watson-6,Jarque-Bera-6,JB P-value-6
Linear Regression,0.9729252392808684,0.33564415531246933,0.5281902319679712,3.9161506868727334,0.14112978606399723
SVM Regression,0.9025267817789208,1.2083695340762157,0.14526616890141125,3.9326272351066156,0.13997189625589831
RandomForest,0.9920528640451132,0.09852015914018783,1.8528118442660164,0.14985596007063431,0.9278103047877757
XGBoost,0.9928888088583381,0.08815700233768022,1.8586022310524204,0.8762246838519366,0.6452532897880532
knn,0.9930509887503443,0.0861464681200087,1.993465695346263,1.2663903566546737,0.5308927909924466
Neural Network,0.9912027672998028,0.10905875658056774,1.5310600633551479,1.6940298301172605,0.4286927080120193
