,R-squared-4,MSE-4,Durbin-Watson-4,Jarque-Bera-4,JB P-value-4
Linear Regression,0.9249999100404084,0.8951106041806923,0.13263781355034687,19.09111504545475,7.151827670142181e-05
SVM Regression,0.9197058094821648,0.958294602384372,0.12364392164828404,28.352948441764095,6.970043251101959e-07
RandomForest,0.9990446478215892,0.011401931198793906,2.958428168488734,0.49225006997545434,0.7818244634016129
XGBoost,0.9971462940211645,0.034058392253206324,2.3729179602272388,1.0468586728390807,0.5924852288944623
knn,0.9958949049063305,0.04899346322775728,2.5052311118814985,0.7333035619673595,0.6930509365461929
Neural Network,0.992986655491703,0.08370282013703491,1.3983675324233988,0.588550594325947,0.7450713471786762
