,R-squared-2,MSE-2,Durbin-Watson-2,Jarque-Bera-2,JB P-value-2
Linear Regression,0.8882790351199876,1.3333666723236854,0.08887016561756982,37.70471084314212,6.4942061338368715e-09
SVM Regression,0.9122132355158923,1.0477169272566789,0.11330645023685221,30.356104738266826,2.5600922213946446e-07
RandomForest,0.9990443020518152,0.011406057889729206,2.9747397160519085,1.2137808101559633,0.5450430998904277
XGBoost,0.9971462940211645,0.034058392253206324,2.3729179602272388,1.0468586728390807,0.5924852288944623
knn,0.9958949049063305,0.04899346322775728,2.5052311118814985,0.7333035619673595,0.6930509365461929
Neural Network,0.9606949440313164,0.469097735941914,0.251178826382794,352.33523917464873,3.1000944327890475e-77
