,R-squared-3,MSE-3,Durbin-Watson-3,Jarque-Bera-3,JB P-value-3
Linear Regression,0.9058223577201393,1.1239907355692218,0.10565691300306856,16.909650988441737,0.00021287072652629834
SVM Regression,0.9170779290333626,0.9896578135153106,0.11979468942531875,27.7465842261098,9.438561054803156e-07
RandomForest,0.9990434432955688,0.011416306968402434,2.9424742928376264,3.3286576551781124,0.18931768015414827
XGBoost,0.9971462940211645,0.034058392253206324,2.3729179602272388,1.0468586728390807,0.5924852288944623
knn,0.9958949049063305,0.04899346322775728,2.5052311118814985,0.7333035619673595,0.6930509365461929
Neural Network,0.9924959022646516,0.08955985867933895,1.3145321468044662,4.849323594835425,0.08850804763110103
