,R-squared-20,MSE-20,Durbin-Watson-20,Jarque-Bera-20,JB P-value-20
Linear Regression,0.9926583815229381,0.09101359594356973,1.8470749292714463,3.0249746311230625,0.22036118792343556
SVM Regression,0.8926054094330431,1.3313641811986,0.13198299363030863,6.60461962207296,0.03679807256844161
RandomForest,0.9918044229230636,0.10160006855915805,1.838128077095049,0.33450217915736075,0.845987166105806
XGBoost,0.9929695703073923,0.08715580758546028,1.8534509091661397,0.735824777894389,0.6921778214600012
knn,0.9930509887503443,0.0861464681200087,1.993465695346263,1.2663903566546737,0.5308927909924466
Neural Network,0.9919227135786642,0.1001336265251052,1.7137677818779165,1.4242804376913356,0.4905930964784788
