,R-squared-6,MSE-6,Durbin-Watson-6,Jarque-Bera-6,JB P-value-6
Linear Regression,0.9729252392808684,0.33564415531246933,0.5281902319679712,3.9161506868727334,0.14112978606399723
SVM Regression,0.9025267817789208,1.2083695340762157,0.14526616890141125,3.9326272351066156,0.13997189625589831
RandomForest,0.9918708613103658,0.10077643592883678,1.8387028278855222,0.428497578149491,0.8071475505487218
XGBoost,0.9930104445499879,0.08664909209599146,1.8481525641726686,0.6845733970393387,0.7101445781215527
knn,0.9930509887503443,0.0861464681200087,1.993465695346263,1.2663903566546737,0.5308927909924466
Neural Network,0.9454907628527762,0.6757476843028511,0.25628878593714594,20.478246911830738,3.5744167252361966e-05
