,R-squared-24,MSE-24,Durbin-Watson-24,Jarque-Bera-24,JB P-value-24
Linear Regression,0.9927574837141258,0.08978503213109909,1.8617308206005037,3.5546992004757314,0.1690856986069936
SVM Regression,0.8911391083592859,1.3495418260701666,0.1304371548282597,7.027376936079088,0.029786843744451123
RandomForest,0.9918386835550901,0.10117534159605324,1.8652836453927555,0.2520344990923113,0.8815996394585851
XGBoost,0.9929275211660049,0.08767708822350587,1.8412146477569271,1.0883943581081583,0.5803074793790866
knn,0.9930509887503443,0.0861464681200087,1.993465695346263,1.2663903566546737,0.5308927909924466
Neural Network,0.9914910027787414,0.1054855189492923,1.5697247750359475,4.579695359601981,0.10128188795632966
