,R-squared-8,MSE-8,Durbin-Watson-8,Jarque-Bera-8,JB P-value-8
Linear Regression,0.9893528402542355,0.13199218919851094,1.2538398141596656,6.378848594765043,0.04119558051711207
SVM Regression,0.8997803178773676,1.242417279350714,0.1411595921666398,4.765799472570785,0.09228259397107648
RandomForest,0.9918831430666087,0.10062417974667992,1.8340226554740364,0.11924736799775108,0.9421190013392889
XGBoost,0.993007773284508,0.08668220761102531,1.845402213427961,0.7565315172475977,0.6850484189469934
knn,0.9930509887503443,0.0861464681200087,1.993465695346263,1.2663903566546737,0.5308927909924466
Neural Network,0.9914419400160218,0.10609374702270462,1.5511843369539509,1.1662070609286546,0.5581633985834191
