,R-squared-15,MSE-15,Durbin-Watson-15,Jarque-Bera-15,JB P-value-15
Linear Regression,0.9930615762825026,0.08601521513037108,1.906318213610621,5.1837907634659315,0.07487798314034011
SVM Regression,0.8951350409873702,1.3000044932917767,0.13479224769683074,6.021762439179525,0.04924826110058205
RandomForest,0.9917808827097137,0.101891895146571,1.850663775033058,0.46520535227295273,0.7924683775780907
XGBoost,0.9928983368972533,0.08803888382107947,1.8393458423419593,0.8926920671052285,0.6399622853198067
knn,0.9930509887503443,0.0861464681200087,1.993465695346263,1.2663903566546737,0.5308927909924466
Neural Network,0.9447206199026231,0.6852950994270528,0.24959654050806274,14.986637657749391,0.0005567919933121928
