,R-squared-17,MSE-17,Durbin-Watson-17,Jarque-Bera-17,JB P-value-17
Linear Regression,0.9926834261752895,0.09070311891772302,1.830095035789374,4.043104808508676,0.1324496899362004
SVM Regression,0.8941116689894053,1.3126911734582472,0.13358858976244337,6.3166090303531615,0.04249773429509069
RandomForest,0.9918377823330093,0.10118651399115476,1.8503570257615116,0.3512786959653161,0.8389204871505702
XGBoost,0.9928713822434747,0.08837303901798355,1.8506396924909037,0.9656919884555675,0.6170248414438771
knn,0.9930509887503443,0.0861464681200087,1.993465695346263,1.2663903566546737,0.5308927909924466
Neural Network,0.989349727531026,0.13203077743806133,1.2849865322429126,4.366413192753377,0.11267963261842003
