,R-squared-25,MSE-25,Durbin-Watson-25,Jarque-Bera-25,JB P-value-25
Linear Regression,0.9927929230825201,0.08934569244522307,1.8723884806235926,3.5263585542525275,0.1714987540998798
SVM Regression,0.8905586370931786,1.3567378929095697,0.12979383830245017,7.356064758306401,0.02527265294414514
RandomForest,0.991746222370248,0.10232157725839024,1.8450025962893426,0.6569462879329359,0.7200222649082562
XGBoost,0.9929283856031729,0.0876663718487215,1.8393225829190116,0.8565102215823007,0.6516451518816555
knn,0.9930509887503443,0.0861464681200087,1.993465695346263,1.2663903566546737,0.5308927909924466
Neural Network,0.9924078305526272,0.09411966102259749,1.741048082800285,1.6692297042606319,0.43404161944958464
