,R-squared-21,MSE-21,Durbin-Watson-21,Jarque-Bera-21,JB P-value-21
Linear Regression,0.9944182907953851,0.06661654807608373,1.7590964489678083,2.4278382841250865,0.29703088904689107
SVM Regression,0.905652885181574,1.126013355361663,0.10526865900174934,43.09269032191959,4.3907750873284995e-10
RandomForest,0.9990234702070415,0.011654681660335186,2.927265755819186,0.36925828449447895,0.8314125624793709
XGBoost,0.9971462940211645,0.034058392253206324,2.3729179602272388,1.0468586728390807,0.5924852288944623
knn,0.9958949049063305,0.04899346322775728,2.5052311118814985,0.7333035619673595,0.6930509365461929
Neural Network,0.9917509060973121,0.09845123427393891,1.1891776390765239,32.06297671448819,1.0904683618420883e-07
