,R-squared-22,MSE-22,Durbin-Watson-22,Jarque-Bera-22,JB P-value-22
Linear Regression,0.9926953376714974,0.09055545282660925,1.843912751356266,3.084910257674391,0.21385541378221823
SVM Regression,0.8917115282458519,1.3424455716912778,0.13105550684500014,6.842138263265658,0.032677479729229506
RandomForest,0.9920433153436228,0.09863853380947124,1.8834197517991993,0.16468013973524784,0.9209587151286773
XGBoost,0.9928558191043737,0.08856597430305473,1.8468555514853364,0.9962147567933544,0.6076796797293524
knn,0.9930509887503443,0.0861464681200087,1.993465695346263,1.2663903566546737,0.5308927909924466
Neural Network,0.9909037427461663,0.11276574571204005,1.5001292253790666,0.8361305849082504,0.6583192437425329
