,R-squared-18,MSE-18,Durbin-Watson-18,Jarque-Bera-18,JB P-value-18
Linear Regression,0.9925241150807886,0.09267808882790371,1.8063758752697732,3.4706518877076005,0.17634271309455476
SVM Regression,0.893573268814306,1.3193656875515003,0.13301411238224506,6.323708538466887,0.04234714522557738
RandomForest,0.9918965814791484,0.10045758456704475,1.8428167819495833,0.3708113761076465,0.8307671831561716
XGBoost,0.9929162673431271,0.08781660117850543,1.847480643873477,0.891660410905676,0.6402924810041566
knn,0.9930509887503443,0.0861464681200087,1.993465695346263,1.2663903566546737,0.5308927909924466
Neural Network,0.9914307728847255,0.1062321852674624,1.5695839684485222,0.5093967666593783,0.7751502609465993
