,R-squared-6,MSE-6,Durbin-Watson-6,Jarque-Bera-6,JB P-value-6
Linear Regression,0.9762610467508822,0.2833195106417006,0.4170860638129155,11.050745141198286,0.003984383951244137
SVM Regression,0.9176999304728478,0.9822343546288095,0.12061743037215213,28.43427984357875,6.692287401100234e-07
RandomForest,0.9990435305677656,0.011415265392734696,2.918888663008236,0.8715058525303728,0.6467775079301374
XGBoost,0.9971462940211645,0.034058392253206324,2.3729179602272388,1.0468586728390807,0.5924852288944623
knn,0.9958949049063305,0.04899346322775728,2.5052311118814985,0.7333035619673595,0.6930509365461929
Neural Network,0.9932147895516058,0.08098008718692894,1.4454483086758856,59.85894170395565,1.0041439193320733e-13
