,R-squared-34,MSE-34,Durbin-Watson-34,Jarque-Bera-34,JB P-value-34
Linear Regression,0.9925432136811796,0.09244132464511468,1.8218249706463456,1.7880309292117604,0.4090100853827271
SVM Regression,0.8876190218455844,1.3931801236261363,0.12648303358860352,8.328204946145943,0.01554365949428571
RandomForest,0.9919087563223661,0.10030665377913273,1.8688958763343524,0.4435119115919451,0.8011108469394697
XGBoost,0.9928809984832545,0.0882538270806506,1.8410610687172513,0.9540108685513178,0.6206391565600118
knn,0.9930509887503443,0.0861464681200087,1.993465695346263,1.2663903566546737,0.5308927909924466
Neural Network,0.9918644839916443,0.1008554951595973,1.6594933677903176,0.3909835301266985,0.8224301161962029
