,R-squared-3,MSE-3,Durbin-Watson-3,Jarque-Bera-3,JB P-value-3
Linear Regression,0.8869897132436024,1.400981623936122,0.12750683677688535,1.239081402342691,0.5381915715945768
SVM Regression,0.8990648949522406,1.2512863336661508,0.14071902222040716,2.799846647011563,0.2466158728572119
RandomForest,0.9919972058420067,0.09921015048532514,1.8741047301524945,0.30369392752714836,0.8591197471340464
XGBoost,0.993005471833098,0.08671073856361655,1.8323492508920087,0.6917842592052279,0.7075888108761053
knn,0.9930509887503443,0.0861464681200087,1.993465695346263,1.2663903566546737,0.5308927909924466
Neural Network,0.9907546004262026,0.11461465394524209,1.4994929893643572,1.5710441503986572,0.45588163515116187
