,R-squared-5,MSE-5,Durbin-Watson-5,Jarque-Bera-5,JB P-value-5
Linear Regression,0.9738714884608495,0.31183839596395246,0.37816789590509087,15.714086703091702,0.00038701645303113855
SVM Regression,0.9189310793649759,0.9675408465375143,0.12244581288689375,28.034016068578875,8.175056406759097e-07
RandomForest,0.9990603910533616,0.01121403897478234,2.974048116964663,0.5734965598595698,0.7507006714814782
XGBoost,0.9971462940211645,0.034058392253206324,2.3729179602272388,1.0468586728390807,0.5924852288944623
knn,0.9958949049063305,0.04899346322775728,2.5052311118814985,0.7333035619673595,0.6930509365461929
Neural Network,0.9930423244146136,0.08303842302434444,1.4107378552303658,0.3170169525337923,0.8534157299807754
