,R-squared-40,MSE-40,Durbin-Watson-40,Jarque-Bera-40,JB P-value-40
Linear Regression,0.9937936067782475,0.0740720229735588,1.582061658591403,0.2627013599662238,0.8769102056089944
SVM Regression,0.898881940302067,1.2068231859263348,0.09826052893701413,52.07842699295038,4.912621056583876e-12
RandomForest,0.9990142778240124,0.011764390855770055,2.9325628742275995,7.623231718870195,0.022112419511998358
XGBoost,0.9971462940211645,0.034058392253206324,2.3729179602272388,1.0468586728390807,0.5924852288944623
knn,0.9958949049063305,0.04899346322775728,2.5052311118814985,0.7333035619673595,0.6930509365461929
Neural Network,0.9882112164679152,0.1406966999058948,0.8348520301573332,63.47778555076918,1.6442733046674887e-14
