,R-squared-15,MSE-15,Durbin-Watson-15,Jarque-Bera-15,JB P-value-15
Linear Regression,0.9940316884785402,0.07123056698719743,1.6462439182381432,6.507062832973815,0.03863752144524785
SVM Regression,0.9086085055737275,1.090738635606331,0.10868247059966606,39.78477562150635,2.2953332184404577e-09
RandomForest,0.9989951632876909,0.01199251890421108,2.9281203988839244,1.7322724779287142,0.4205734091412944
XGBoost,0.9971462940211645,0.034058392253206324,2.3729179602272388,1.0468586728390807,0.5924852288944623
knn,0.9958949049063305,0.04899346322775728,2.5052311118814985,0.7333035619673595,0.6930509365461929
Neural Network,0.9588457793125709,0.4911671354522041,0.24015873231453452,155.5889724744342,1.6378868822330635e-34
