,R-squared-19,MSE-19,Durbin-Watson-19,Jarque-Bera-19,JB P-value-19
Linear Regression,0.9926749866982422,0.09080774259932066,1.8475359854384314,3.1580396168413833,0.20617709224194564
SVM Regression,0.8930890534540401,1.3253684758040638,0.1325113046227619,6.451542035051949,0.03972514098560132
RandomForest,0.9918471648386794,0.10107019964130724,1.8451161177204052,0.17859303739719723,0.9145743449697208
XGBoost,0.9928880596636435,0.08816629005856069,1.8302423493857358,1.0512594787903815,0.5911829559218785
knn,0.9930509887503443,0.0861464681200087,1.993465695346263,1.2663903566546737,0.5308927909924466
Neural Network,0.99185990030161,0.10091231888504881,1.6874112583065466,0.4489673388715218,0.7989286235485997
