,R-squared-2,MSE-2,Durbin-Watson-2,Jarque-Bera-2,JB P-value-2
Linear Regression,0.880340405427287,1.4834126868944275,0.11968865449565924,6.914206686171844,0.03152093524084868
SVM Regression,0.8932159906391344,1.32379484327188,0.13411630277366157,3.331183804483499,0.1890787087421758
RandomForest,0.9920698109436437,0.09831006947396903,1.8254630979579511,0.13230692986945194,0.9359872120527081
XGBoost,0.9932555299097172,0.08361078385758541,1.868527452954237,0.5621715931352256,0.7549635594193951
knn,0.9930509887503443,0.0861464681200087,1.993465695346263,1.2663903566546737,0.5308927909924466
Neural Network,0.9459295245085153,0.6703083828496718,0.2539057150457108,33.55140136809385,5.180906598151047e-08
