,R-squared-33,MSE-33,Durbin-Watson-33,Jarque-Bera-33,JB P-value-33
Linear Regression,0.9920369134808591,0.09871789731122206,1.7047933246660218,2.158177988364114,0.33990504010788103
SVM Regression,0.8877442473117791,1.391627711168623,0.12662171146825643,8.308261293299719,0.0156994335538736
RandomForest,0.9917572486893264,0.10218488465409906,1.849368246458673,0.37842140511885414,0.8276121083328496
XGBoost,0.9929179983112235,0.08779514247271593,1.8298453144284303,0.9334317412196242,0.6270582307764448
knn,0.9930509887503443,0.0861464681200087,1.993465695346263,1.2663903566546737,0.5308927909924466
Neural Network,0.9917850738500051,0.10183993783631004,1.6432588644933197,0.10864752504875044,0.9471254131419103
