,R-squared-4,MSE-4,Durbin-Watson-4,Jarque-Bera-4,JB P-value-4
Linear Regression,0.914286683439127,1.0625827513140516,0.16753757728749863,6.4744502187122555,0.03927272154598918
SVM Regression,0.9027750170968907,1.2052921759978539,0.14559505379170587,3.223596859660397,0.19952845328684662
RandomForest,0.9919593157621046,0.09967987149210994,1.833490414496736,0.17588160176207016,0.9158150905651002
XGBoost,0.9931125598364422,0.08538317512549595,1.8695874446925607,0.7161843313842448,0.6990086474217757
knn,0.9930509887503443,0.0861464681200087,1.993465695346263,1.2663903566546737,0.5308927909924466
Neural Network,0.9915430653218623,0.10484010278142535,1.6067576045232934,4.9906424403265826,0.08246995612379292
