,R-squared-9,MSE-9,Durbin-Watson-9,Jarque-Bera-9,JB P-value-9
Linear Regression,0.9910468782475377,0.11099130364212029,1.4978777186601382,9.541311255618893,0.00847482200912394
SVM Regression,0.8991763734386942,1.24990434167703,0.14026535779384475,4.861482241718858,0.08797161082093696
RandomForest,0.9919832199567444,0.09938353265087241,1.8559078705448768,0.16530081837833596,0.9206729497702614
XGBoost,0.992902400888643,0.08798850276798906,1.8483719620996455,0.8856679615187729,0.6422138180882024
knn,0.9930509887503443,0.0861464681200087,1.993465695346263,1.2663903566546737,0.5308927909924466
Neural Network,0.9916263332124632,0.10380783582640696,1.6603949521890669,0.014245322990267232,0.9929026445404999
