,R-squared-28,MSE-28,Durbin-Watson-28,Jarque-Bera-28,JB P-value-28
Linear Regression,0.992832011347144,0.08886111761560807,1.8859543864263426,3.38363579353647,0.18418439125729885
SVM Regression,0.8895753682687959,1.3689274164820457,0.12867532702383488,7.72204789377407,0.021046438051298567
RandomForest,0.9918557648103485,0.1009635863176823,1.8688606180983038,0.34618690887441006,0.8410590104752367
XGBoost,0.9928970208531911,0.08805519873895362,1.8457076739195335,0.937527148742368,0.6257755150378183
knn,0.9930509887503443,0.0861464681200087,1.993465695346263,1.2663903566546737,0.5308927909924466
Neural Network,0.9743310053642293,0.31821695902027025,0.5237100574786611,55.86890829557185,7.382793286717206e-13
