,R-squared-21,MSE-21,Durbin-Watson-21,Jarque-Bera-21,JB P-value-21
Linear Regression,0.9927050016706873,0.09043564881878492,1.846954931635365,3.271776867214013,0.19477924597731933
SVM Regression,0.8922601793840246,1.3356439770347803,0.13167030437929647,6.708401958158634,0.034937274618477836
RandomForest,0.9919546843037741,0.0997372873982139,1.8552062322746423,0.14456181782725525,0.9302695380987407
XGBoost,0.992941469780675,0.08750416809921371,1.8222286141399888,0.9746871352552692,0.6142559582251589
knn,0.9930509887503443,0.0861464681200087,1.993465695346263,1.2663903566546737,0.5308927909924466
Neural Network,0.9900759932602481,0.1230273055423741,1.3442936132894678,1.2662369249108474,0.5309335204580781
