,R-squared-12,MSE-12,Durbin-Watson-12,Jarque-Bera-12,JB P-value-12
Linear Regression,0.9935596087763355,0.07686474086204831,1.5243482619325868,15.711417198948405,0.00038753336894413383
SVM Regression,0.9109489796235386,1.0628055605670297,0.11152916283575898,36.73187103483675,1.056271470447973e-08
RandomForest,0.9989948347147907,0.011996440354003879,2.9372603268305006,2.0100833023694835,0.366029388928814
XGBoost,0.9971462940211645,0.034058392253206324,2.3729179602272388,1.0468586728390807,0.5924852288944623
knn,0.9958949049063305,0.04899346322775728,2.5052311118814985,0.7333035619673595,0.6930509365461929
Neural Network,0.9610689904530458,0.4646335690492314,0.2534894487795609,229.8773433898053,1.2099547410275526e-50
