,R-squared-13,MSE-13,Durbin-Watson-13,Jarque-Bera-13,JB P-value-13
Linear Regression,0.9927207948307387,0.09023986197803917,1.8355859640388132,6.00199947171203,0.04973731932254649
SVM Regression,0.8966928314933819,1.2806926595153616,0.13678681062296202,5.493545769387771,0.0641344970255717
RandomForest,0.9920071937271189,0.09908633128350065,1.8722591980987633,0.19020183963983808,0.9092811653461852
XGBoost,0.992955928912138,0.08732491912941424,1.8304837970345755,1.1279130059934388,0.5689535384148294
knn,0.9930509887503443,0.0861464681200087,1.993465695346263,1.2663903566546737,0.5308927909924466
Neural Network,0.9925915616817771,0.09184195743408184,1.8027981643432247,2.137951308830764,0.34336005669712605
