,R-squared-27,MSE-27,Durbin-Watson-27,Jarque-Bera-27,JB P-value-27
Linear Regression,0.9928435161426893,0.08871849336777526,1.8909359551955733,3.2825885609494647,0.1937291401135868
SVM Regression,0.8899267275622749,1.3645716367765728,0.12908418818049971,7.6024069540338575,0.02234386534031997
RandomForest,0.9916735040321085,0.10322306205575389,1.843225987089039,0.5029696410373139,0.7776452617719193
XGBoost,0.9928787291905208,0.08828195936409611,1.827677309348906,1.0298990490613962,0.5975307545023198
knn,0.9930509887503443,0.0861464681200087,1.993465695346263,1.2663903566546737,0.5308927909924466
Neural Network,0.9924723991571892,0.0933192079747285,1.7534549471903984,0.3364628985461316,0.8451582007946716
