,R-squared-5,MSE-5,Durbin-Watson-5,Jarque-Bera-5,JB P-value-5
Linear Regression,0.970894303909936,0.360821537086673,0.4830310265430976,4.120273332021293,0.12743655245942698
SVM Regression,0.9031000172277801,1.201263169221378,0.14606294723895027,3.666913452657948,0.15986001925598384
RandomForest,0.9919773331750436,0.09945651072414119,1.8707685335840496,0.10422268195106416,0.9492231735248623
XGBoost,0.9931068499410451,0.08545396035005856,1.8564219971180798,0.9047654510766845,0.636110667333167
knn,0.9930509887503443,0.0861464681200087,1.993465695346263,1.2663903566546737,0.5308927909924466
Neural Network,0.9926268064884274,0.0914050297182657,1.8003647932518942,5.217419679406834,0.07362947633779886
