,R-squared-37,MSE-37,Durbin-Watson-37,Jarque-Bera-37,JB P-value-37
Linear Regression,0.9930880111401177,0.08249316137877825,1.4261590377339106,0.2120326870864405,0.8994099484104375
SVM Regression,0.8998058116912326,1.195796971453967,0.0991726449081106,50.94808757228303,8.6449672411467e-12
RandomForest,0.9990391030187857,0.011468107276584748,2.9344207909316355,0.4726843056379716,0.789510494472804
XGBoost,0.9971462940211645,0.034058392253206324,2.3729179602272388,1.0468586728390807,0.5924852288944623
knn,0.9958949049063305,0.04899346322775728,2.5052311118814985,0.7333035619673595,0.6930509365461929
Neural Network,0.9916941773181966,0.0991282805518274,1.1815179837325704,48.48512150999705,2.962031255456586e-11
