,R-squared-39,MSE-39,Durbin-Watson-39,Jarque-Bera-39,JB P-value-39
Linear Regression,0.9921951769313304,0.0967559149801013,1.7618026307948929,1.5111815275973735,0.46973303147549894
SVM Regression,0.8861850367251971,1.4109571495971516,0.12492273628169207,8.889040236045453,0.01174273980825805
RandomForest,0.9918339194654469,0.10123440172444122,1.864106715584174,0.46516425278739887,0.7924846627667366
XGBoost,0.9928628769794567,0.08847847825664028,1.8455102893063056,0.9778097796025774,0.6132976550819296
knn,0.9930509887503443,0.0861464681200087,1.993465695346263,1.2663903566546737,0.5308927909924466
Neural Network,0.9766824720234585,0.2890659704383225,0.6078689311063328,4.801570734912557,0.09064673433138541
