,R-squared-12,MSE-12,Durbin-Watson-12,Jarque-Bera-12,JB P-value-12
Linear Regression,0.9923744318994825,0.09453370208613948,1.7468702136310637,5.410854112859001,0.06684177254179542
SVM Regression,0.897204754762494,1.2743463780088187,0.13746743112954704,5.369781996577521,0.068228630628502
RandomForest,0.9919381790927145,0.09994190149182673,1.8452770931217035,0.262739607015685,0.8768934361553369
XGBoost,0.9929343057181632,0.08759298054469869,1.8485507934865684,0.8651997700337979,0.6488200424967923
knn,0.9930509887503443,0.0861464681200087,1.993465695346263,1.2663903566546737,0.5308927909924466
Neural Network,0.9473063645977647,0.653239780340106,0.25891293639115864,22.890291354470673,1.0701296268606461e-05
