,R-squared-38,MSE-38,Durbin-Watson-38,Jarque-Bera-38,JB P-value-38
Linear Regression,0.9920435577025006,0.09863552930126188,1.7293121543869894,1.5617259029081325,0.45801059980621706
SVM Regression,0.8863507994113,1.4089021996998463,0.12508868387541958,8.849773217311547,0.011975569149701775
RandomForest,0.991697163314734,0.10292975937380261,1.849676136377722,0.32606859346617273,0.8495620507120356
XGBoost,0.9928960191064117,0.0880676173326063,1.827041187814229,1.008000630047687,0.6041091925470352
knn,0.9930509887503443,0.0861464681200087,1.993465695346263,1.2663903566546737,0.5308927909924466
Neural Network,0.958045030244062,0.5201131980805052,0.330025629129508,94.76951198284299,2.6367074518438825e-21
