,R-squared-14,MSE-14,Durbin-Watson-14,Jarque-Bera-14,JB P-value-14
Linear Regression,0.993924527837054,0.07250950714042548,1.6171450486958834,7.522006566366468,0.023260391904258566
SVM Regression,0.9094685603198699,1.0804740596056532,0.10971273252877389,38.36176993252463,4.675709288436599e-09
RandomForest,0.9990226853233309,0.01166404908553034,2.941746778615211,2.100409740597499,0.3498660646032153
XGBoost,0.9971462940211645,0.034058392253206324,2.3729179602272388,1.0468586728390807,0.5924852288944623
knn,0.9958949049063305,0.04899346322775728,2.5052311118814985,0.7333035619673595,0.6930509365461929
Neural Network,0.963148965870319,0.4398094914589311,0.2675166210047122,219.89935993810354,1.7760725512460314e-48
